"шопинг";1;6;139994;3747
"стар шопинг";2;11;912;87
"секс шопинг";2;11;593;106
"шопинг это";2;10;139994;174
"корея шопинг";2;12;201;105
"королева шопинга";2;16;598;146
"шопинга";1;7;140091;97
"шопинг лайф";2;11;13347;708
"шопинг лайн";2;11;354;150
"шопинг лайв";2;11;1815;517
"шопинг шоп";2;10;527;140
"школа шопинга";2;13;5662;2206
"шопинг шоу";2;10;3436;585
"порно шопинг";2;12;680;98
"сдэк шопинга";2;12;3733;332
"богиня шопинга";2;14;44846;13600
"шопинг лайт";2;11;176;83
"фото шопинг";2;11;565;52
"дроп шопинг";2;11;131;63
"шопинг шов";2;10;84;67
"картинки шопинг";2;15;502;62
"шопинг дайф";2;11;114;66
"шопинг картинки";2;15;475;58
"онлайн шопинг";2;13;3632;78
"шопинг лвйф";2;11;75;67
"король шопинга";2;14;6477;70
"шопинг лайы";2;11;246;65
"стамбул шопинг";2;14;1045;79
"шопинг стамбул";2;14;985;77
"шопинг тур";2;10;877;60
"шопинг лпйф";2;11;249;69
"шопинг онлайн";2;13;3827;80
"шопинг фото";2;11;561;51
"минск шопинг";2;12;448;32
"шопинг дубай";2;12;898;37
"пхукет шопинг";2;13;341;40
"шопинг картинка";2;15;482;33
"шопинг минск";2;12;457;38
"гуру шопинга";2;12;39;33
"шопинг сопровождение";2;20;141;46
"шопинг допинг";2;13;70;40
"богиня шопинг";2;13;44846;42
"шопинг пхукет";2;13;302;38
"день шопинга";2;12;926;47
"шопинг лив";2;10;552;43
"шопинг лай";2;10;115;33
"шопинг игра";2;11;610;41
"шопинг лав";2;10;105;49
"шопинг дома";2;11;302;32
"шопинг ереван";2;13;191;24
"макси шопинг";2;12;48;26
"шопинг синоним";2;14;67;27
"на шопинг";2;9;134435;25
"анталия шопинг";2;14;258;26
"шопинг ливе";2;11;90;25
"игры шопинг";2;11;615;31
"картинка шопинг";2;15;506;26
"включи шопинг";2;13;2782;30
"ереван шопинг";2;13;189;26
"дубай шопинг";2;12;936;31
"шопинг гуд";2;10;54;31
"шопинг анталия";2;14;230;25
"игра шопинг";2;11;615;28
"шопинг влог";2;11;218;32
"шопинг лист";2;11;164;24
"голый шопинг";2;12;97;16
"шопинг терапия";2;14;52;17
"шопинг модный";2;13;1090;18
"модный шопинг";2;13;1044;16
"коломбо шопинг";2;14;71;18
"картинки шопинга";2;16;502;16
"шопингом";1;8;140013;19
"виды шопинга";2;12;133;18
"шопинг бангкок";2;14;138;19
"шопинг сумка";2;12;574;17
"шопинг турция";2;13;684;21
"гугл шопинг";2;11;139;19
"фото шопинга";2;12;565;16
"бангкок шопинг";2;14;138;19
"турция шопинг";2;13;684;23
"шопинг коломбо";2;14;77;16
"шопинг финляндия";2;16;98;13
"богиня шопингу";2;14;44846;14
"фильм шопинг";2;12;742;15
"мтс шопинг";2;10;23;14
"шопинг баку";2;11;163;15
"шопинг оаэ";2;10;189;13
"шопинг астана";2;13;73;16
"сумка шопинг";2;12;579;15
"на шопинге";2;10;134441;15
"астана шопинг";2;13;64;15
"ташкент шопинг";2;14;74;16
"шопинг лаф";2;10;35;16
"милан шопинг";2;12;316;13
"видео шопинг";2;12;1013;15
"шопинг ташкент";2;14;74;16
"про шопинг";2;10;887;12
"баку шопинг";2;11;154;10
"шопинг сочи";2;11;103;11
"шопинг лаиф";2;11;193;11
"шопинг лацф";2;11;47;11
"шопинг париж";2;12;123;11
"шопинг гид";2;10;272;10
"кемер шопинг";2;12;135;12
"египет шопинг";2;13;156;11
"шопинг гоа";2;10;62;12
"сочи шопинг";2;11;106;11
"париж шопинг";2;12;140;12
"казань шопинг";2;13;77;12
"арти шопинг";2;11;11;11
"картинка шопинга";2;16;506;11
"шопинг фильм";2;12;753;12
"шопинг алания";2;13;78;10
"хургада шопинг";2;14;118;8
"битва шопинга";2;13;65;9
"шопинг перевод";2;14;301;9
"анталья шопинг";2;14;64;9
"шопинг сочинение";2;16;207;9
"хошимин шопинг";2;14;21;9
"шопинг владивосток";2;18;39;10
"участник шопинга";2;16;257;9
"мистери шопинг";2;14;26;10
"шопинг бали";2;11;69;9
"сингапур шопинг";2;15;48;10
"доха шопинг";2;11;34;10
"фуджейра шопинг";2;15;48;9
"интернет шопинг";2;15;849;9
"алматы шопинг";2;13;49;10
"планета шопинга";2;15;106;8
"шопинг ру";2;9;1299;7
"шопинге";1;7;140000;7
"барселона шопинг";2;16;41;8
"шопинги";1;7;139994;7
"каир шопинг";2;11;34;8
"хорошего шопинга";2;16;2187;7
"столица шопинга";2;15;70;8
"шопинг барселона";2;16;35;8
"шопинг алматы";2;13;53;8
"днс шопинг";2;10;17;8
"белград шопинг";2;14;78;8
"алания шопинг";2;13;70;8
"магазин шопинг";2;14;2894;7
"аланья шопинг";2;13;42;8
"калининград шопинг";2;18;81;8
"мужской шопинг";2;14;262;7
"шопинг денпасар";2;15;14;7
"шопинг доха";2;11;30;7
"беларусь шопинг";2;15;56;7
"бишкек шопинг";2;13;27;7
"шарджа шопинг";2;13;55;7
"нп шопинг";2;9;15;7
"удачного шопинга";2;16;84;7
"шопинг стих";2;11;55;7
"армения шопинг";2;14;70;7
"рисунок шопинг";2;14;53;7
"шопинг 24";2;9;100;7
"сиде шопинг";2;11;72;7
"бодрум шопинг";2;13;17;7
"шопинг синонимы";2;15;67;7
"хом шопинг";2;10;256;7
"компульсивный шопинг";2;20;7;7
"шопинг тбилиси";2;14;70;6
"заниматься шопингом";2;19;120;6
"место шопинга";2;13;253;6
"яндекс шопинг";2;13;110;6
"детский шопинг";2;14;132;6
"шопинг цитаты";2;13;72;6
"сайт шопинг";2;11;1657;6
"мир шопинга";2;11;211;6
"слово шопинг";2;12;645;6
"шопинг тайланд";2;14;131;6
"школа шопинг";2;12;5662;6
"дубаи шопинг";2;12;935;6
"рим шопинг";2;10;104;6
"москва шопинг";2;13;628;6
"шопинг мантра";2;13;7;7
"шопинг монголия";2;15;52;6
"хоум шопинг";2;11;86;5
"канал шопинг";2;12;1204;5
"муйне шопинг";2;12;13;6
"немецкий шопинг";2;15;654;5
"шопинг деткам";2;13;9;6
"шопинг клуб";2;11;180;5
"махачкала шопинг";2;16;33;6
"бахрейн шопинг";2;14;13;6
"шопинг лиф";2;10;27;6
"шопинга луи";2;11;6075;5
"узбекистан шопинг";2;17;48;6
"маврикий шопинг";2;15;32;6
"шопинг слова";2;12;641;5
"шопинг л";2;8;15;6
"шопинг зона";2;11;50;6
"удачный шопинг";2;14;84;5
"болонья шопинг";2;14;15;5
"шопинг live";2;11;20;5
"манавгат шопинг";2;15;27;5
"трабзон шопинг";2;14;20;5
"шопинг удался";2;13;23;5
"венеция шопинг";2;14;18;5
"безумный шопинг";2;15;55;5
"манила шопинг";2;13;26;5
"грузия шопинг";2;13;43;5
"бьюти шопинг";2;12;21;5
"белек шопинг";2;12;69;5
"терапия шопингом";2;16;54;5
"интим шопинг";2;12;19;5
"умный шопинг";2;12;37;5
"гоу шопинг";2;10;69;5
"тривандрум шопинг";2;17;10;5
"новосибирск шопинг";2;18;72;4
"люблю шопинг";2;12;225;4
"шопинг ютуб";2;11;1056;4
"шопинг молл";2;11;208;4
"звезда шопинга";2;14;489;4
"шопинга белоруссии";2;18;74;4
"шопинг голышом";2;14;5;5
"тема шопинг";2;11;661;4
"в шопинге";2;9;133649;4
"минусы шопинга";2;14;278;4
"дроб шопинг";2;11;6;5
"шопинг с";2;8;139994;4
"дети шопинг";2;11;102;4
"бесплатный шопинг";2;17;2031;4
"фест шопинг";2;11;7;5
"сити шопинг";2;11;51;4
"санья шопинг";2;12;4;4
"шопинг айф";2;10;7;4
"анальный шопинг";2;15;17;4
"шопинг лйф";2;10;7;4
"джум шопинг";2;11;10;4
"шопинг нн";2;9;5;4
"болезнь шопинга";2;15;37;4
"мебельный шопинг";2;16;13;4
"пятигорск шопинг";2;16;28;4
"юар шопинг";2;10;10;4
"шопинг туризм";2;13;40;4
"территория шопинга";2;18;29;4
"ферст шопинг";2;12;5;4
"мармарис шопинг";2;15;20;4
"совместный шопинг";2;17;47;4
"шопинг а";2;8;139994;3
"шопинг луи";2;10;6075;3
"4 шопинг";2;8;1276;3
"шопинг центр";2;12;891;3
"шопинг туры";2;11;877;3
"королевы шопинга";2;16;598;3
"телемагазин шопинг";2;18;504;3
"звезды шопинга";2;14;489;3
"шопинг стилист";2;14;455;3
"время шопинга";2;13;379;3
"большой шопинг";2;14;275;3
"просто шопинг";2;13;232;3
"правильный шопинг";2;17;217;3
"сочинение шопинг";2;16;198;9
"оаэ шопинг";2;10;181;14
"новогодний шопинг";2;17;163;3
"сопровождение шопинга";2;21;141;3
"вид шопинга";2;11;133;3
"арт шопинг";2;10;125;3
"проблемы шопинга";2;16;119;3
"шопинг хургада";2;14;118;8
"шопинг тв";2;9;107;3
"игрушки шопинг";2;14;104;4
"шопинг игрушки";2;14;101;6
"недостатки шопинга";2;18;99;3
"шопинг паттайя";2;14;98;5
"шопинг мол";2;10;88;3
"семейный шопинг";2;15;80;4
"шопинг казань";2;13;73;12
"шопинг пакеты";2;13;73;4
"шопинг беларусь";2;15;68;9
"шопинг рисунок";2;14;58;9
"шопинг статус";2;13;53;5
"сеул шопинг";2;11;53;3
"корол шопинга";2;13;51;3
"шопинг зон";2;10;50;3
"типы шопинга";2;12;49;3
"шопинг сингапур";2;15;48;10
"шопинг приколы";2;14;46;3
"веселый шопинг";2;14;44;3
"шопинг тайм";2;11;43;4
"владивосток шопинг";2;18;41;5
"вьетнам шопинг";2;14;36;4
"шопинг бишкек";2;13;36;8
"витебск шопинг";2;14;34;4
"мадрид шопинг";2;13;34;5
"симулятор шопинга";2;17;33;3
"шопинг каир";2;11;33;7
"шопинг манавгат";2;15;28;10
"шопинг психология";2;17;27;3
"турецкий шопинг";2;15;26;3
"шопинг клаб";2;11;26;3
"бог шопинга";2;11;25;3
"банкок шопинг";2;13;25;3
"американский шопинг";2;19;24;3
"самарканд шопинг";2;16;23;6
"шопинг калуга";2;13;23;3
"шопинг самарканд";2;16;23;6
"шопинг пекин";2;12;23;4
"самуи шопинг";2;12;21;3
"шопинг хошимин";2;14;21;9
"шопинг варшава";2;14;21;4
"приснился шопинг";2;16;20;3
"пусан шопинг";2;12;20;3
"шопинг шок";2;10;19;3
"польза шопинга";2;14;18;3
"шопинг иконка";2;13;16;5
"шопинг дей";2;10;16;4
"шопинг лаив";2;11;15;3
"шопинг бодрум";2;13;14;8
"шопинг дананг";2;13;14;3
"google шопинг";2;13;13;3
"томск шопинг";2;12;12;3
"шопинг png";2;10;12;3
"эротический шопинг";2;18;11;3
"фотосессия шопинг";2;17;10;3
"валенсия шопинг";2;15;10;3
"альтернатива шопингу";2;20;9;3
"шопинг кыргызстан";2;17;8;3
"сибирский шопинг";2;16;8;3
"абхазия шопинг";2;14;8;3
"аоста шопинг";2;12;8;3
"шопинг эйлат";2;12;7;4
"лиссабон шопинг";2;15;7;3
"кита шопинг";2;11;6;3
"требинье шопинг";2;15;5;3
"гейм шопинг";2;11;5;3
"майнц шопинг";2;12;4;3
"микс шопинг";2;11;4;3
"бестыжий шопинг";2;15;4;3
"фирст шопинг";2;12;3;3
"бумеранг шопинга";2;16;3;3
"актау шопинг";2;12;3;3
"шопинг как";2;10;139994;3
"смотреть шопинга";2;16;7380;2
"смотреть шопинг";2;15;7380;2
"шопинг магазин";2;14;2881;8
"какой шопинг";2;12;1454;2
"видео шопинга";2;13;1013;2
"шопинг стамбула";2;15;985;2
"шопинг дубая";2;12;897;2
"песня шопинг";2;12;883;3
"шопинг обувь";2;12;710;2
"шопинга турции";2;14;658;2
"слова шопинг";2;12;645;4
"шопинг слово";2;12;641;5
"шопинг игры";2;11;610;16
"королева шопинг";2;15;598;2
"плюсы шопинга";2;13;387;2
"плюс шопинга";2;12;387;2
"город шопинга";2;13;379;2
"шопинг музыка";2;13;367;3
"после шопинга";2;13;360;2
"шопинг цены";2;11;352;2
"шопинг милан";2;12;329;17
"шопинг карта";2;12;249;2
"шопинг карт";2;11;249;2
"шопинг италия";2;13;219;2
"выгодный шопинг";2;15;204;2
"праздник шопинга";2;16;152;2
"делать шопинг";2;13;148;2
"шопинг египет";2;13;145;12
"шопинга египте";2;14;144;2
"шопинг пятница";2;14;137;2
"офлайн шопинга";2;14;132;2
"дроп шопинга";2;12;131;2
"шопинг детский";2;14;128;6
"красивый шопинг";2;15;120;2
"заняться шопингом";2;17;120;2
"проблема шопинга";2;16;119;2
"шопинг семья";2;12;110;3
"казахстан шопинг";2;16;110;4
"шопинг лаве";2;11;105;2
"игрушка шопинг";2;14;104;5
"ростов шопинг";2;13;103;2
"лав шопинг";2;10;102;46
"шопинг питер";2;12;90;2
"паттайя шопинг";2;14;84;5
"правила шопинга";2;15;81;2
"гоа шопинг";2;10;79;9
"шопинг пакет";2;12;73;2
"шопинг армения";2;14;71;8
"америка шопинг";2;14;71;2
"шопинг калининград";2;18;71;7
"шопинг спб";2;10;70;2
"весенний шопинг";2;15;68;2
"белоруссия шопинг";2;17;68;3
"презентация шопинг";2;18;68;2
"галле шопинг";2;12;68;4
"шопинг зависимость";2;18;68;2
"допинг шопинг";2;13;67;34
"шопинг галле";2;12;64;3
"синоним шопинг";2;14;63;25
"шопинг маями";2;12;63;2
"тбилиси шопинг";2;14;63;6
"стильный шопинг";2;15;63;2
"шопинг патонг";2;13;62;3
"шопинг фон";2;10;59;2
"шопинг рисунки";2;14;58;2
"испания шопинг";2;14;56;2
"фитнес шопинг";2;13;55;2
"индия шопинг";2;12;52;2
"шопинг википедия";2;16;51;2
"мемы шопинг";2;11;50;5
"статус шопинг";2;13;49;5
"стих шопинг";2;11;49;6
"кино шопинг";2;11;49;3
"шопинг фуджейра";2;15;48;9
"любитель шопинга";2;16;47;2
"приятного шопинга";2;17;46;2
"катар шопинг";2;12;42;3
"галерея шопинг";2;14;42;5
"шопинг бай";2;10;41;2
"шопинг тунис";2;12;40;3
"шопинг топик";2;12;40;2
"мультик шопинг";2;14;38;3
"садовод шопинг";2;14;37;2
"ярославль шопинг";2;16;37;2
"звездный шопинг";2;15;36;2
"шопинг мадрид";2;13;34;6
"шопинг значение";2;15;34;2
"мега шопинг";2;11;32;2
"шопинг надпись";2;14;32;4
"шопинг таиланд";2;14;32;2
"аджман шопинг";2;13;32;2
"надпись шопинг";2;14;32;4
"путешествия шопинг";2;18;31;2
"фри шопинг";2;10;29;2
"шопинг софия";2;12;28;2
"шопинг мтс";2;10;28;15
"шопинг кисловодск";2;17;27;3
"владимир шопинг";2;15;26;2
"шопинг уфа";2;10;25;2
"крутой шопинг";2;13;25;2
"шопинг дейра";2;12;24;2
"шопинг венеция";2;14;24;6
"фотка шопинг";2;12;24;2
"шопинг юмор";2;11;23;2
"флоренция шопинг";2;16;23;2
"шопинг пнг";2;10;22;3
"шопинг польза";2;13;22;2
"виза шопинг";2;11;21;2
"шопинг брест";2;12;21;3
"шопинг тюмень";2;13;21;3
"иконка шопинга";2;14;21;2
"иконка шопинг";2;13;21;5
"шопинг киров";2;12;20;2
"шопинг гайд";2;11;20;2
"будапешт шопинг";2;15;20;2
"ханой шопинг";2;12;20;2
"тула шопинг";2;11;20;2
"шопинг лангкави";2;15;18;4
"шопинг радость";2;14;18;2
"шопинг мания";2;12;18;2
"мальдивы шопинг";2;15;18;3
"раскраски шопинг";2;16;17;2
"персональный шопинг";2;19;17;2
"шопинг гуанчжоу";2;15;17;4
"экспресс шопинг";2;15;17;2
"шопинг шанхай";2;13;17;2
"социальный шопинг";2;17;17;2
"матара шопинг";2;13;16;6
"глобал шопинг";2;13;16;2
"шопинг блю";2;10;16;2
"воронеж шопинг";2;14;15;2
"гуанчжоу шопинг";2;15;15;4
"карон шопинг";2;12;14;2
"венесуэла шопинг";2;16;14;2
"эстетика шопинга";2;16;14;2
"причины шопинга";2;15;14;2
"оман шопинг";2;11;14;4
"хуньчунь шопинг";2;15;13;2
"результаты шопинга";2;18;13;2
"амазон шопинг";2;13;13;2
"шопинг словосочетание";2;21;13;2
"мумбаи шопинг";2;13;12;4
"рязань шопинг";2;13;12;2
"фетхие шопинг";2;13;12;3
"шопинг цум";2;10;12;2
"шопинг мумбаи";2;13;11;3
"шопинг кейптаун";2;15;11;2
"шопинг самара";2;13;11;3
"гифки шопинг";2;12;11;2
"псков шопинг";2;12;10;3
"верона шопинг";2;13;10;2
"сумасшедший шопинг";2;18;10;2
"баня шопинг";2;11;10;2
"белгород шопинг";2;15;10;2
"бухарест шопинг";2;15;9;3
"ню шопинг";2;9;9;6
"шопинг шаржа";2;12;9;2
"шопинг хельсинки";2;16;9;2
"шопинг гамбург";2;14;9;3
"дубайский шопинг";2;16;8;2
"ленивый шопинг";2;14;8;2
"азербайджан шопинг";2;18;8;2
"шопинг таобао";2;13;8;2
"шопинг клайв";2;12;8;2
"шопинг челябинск";2;16;8;3
"шопинг правописание";2;19;8;6
"гейнюк шопинг";2;13;7;3
"ницца шопинг";2;12;7;4
"александрия шопинг";2;18;7;2
"торт шопинг";2;11;7;2
"суйфэньхэ шопинг";2;16;7;2
"шопинг архангельск";2;18;7;2
"шопинг лого";2;11;7;2
"шопинг канди";2;12;7;4
"шопинг женева";2;13;7;2
"ялта шопинг";2;11;7;2
"эффективный шопинг";2;18;7;2
"королевский шопинг";2;18;7;2
"шопинг сонник";2;13;6;4
"шопинг муйне";2;12;6;6
"джайпур шопинг";2;14;6;2
"сонник шопинг";2;13;6;4
"дахаб шопинг";2;12;5;2
"андеграунд шопинг";2;17;5;2
"алжир шопинг";2;12;5;2
"хопа шопинг";2;11;5;3
"шопинг андора";2;13;5;2
"шопинг баннер";2;13;5;2
"мамин шопинг";2;12;4;2
"марафон шопинга";2;15;4;2
"бобруйск шопинг";2;15;4;2
"мостар шопинг";2;13;4;2
"дрезден шопинг";2;14;4;2
"касабланка шопинг";2;17;4;2
"dns шопинг";2;10;4;2
"аруба шопинг";2;12;4;2
"важность шопинга";2;16;3;2
"виченце шопинг";2;14;3;2
"витринный шопинг";2;16;3;2
"гуам шопинг";2;11;3;2
"тобольск шопинг";2;15;3;2
"шопинг искья";2;12;3;2
"армянский шопинг";2;16;2;2
"бейрут шопинг";2;13;2;2
"богазкент шопинг";2;16;2;2
"мегафон шопинг";2;14;2;2
"бэбики шопинг";2;13;2;2
"карп шопинг";2;11;2;2
"ханчжоу шопинг";2;14;2;2
"значок шопинга";2;14;2;2
"страсбург шопинг";2;16;2;2
"шопинг шерлок";2;13;2;2
"шопинг дропинг";2;14;2;2
"шопинг пайф";2;11;2;2
"шопинг клайф";2;12;2;2
"как шопинг";2;10;133862;4
"богини шопинга";2;14;44846;1
"богиню шопинга";2;14;44846;1
"онлайн шопинга";2;14;3632;1
"лучший шопинг";2;13;2271;1
"хороший шопинг";2;14;2187;1
"шопинг бесплатно";2;16;2112;1
"шопинг скачать";2;14;1688;1
"сайт шопинга";2;12;1657;1
"шопинг 2";2;8;1503;1
"шопинг английский";2;17;1436;1
"шопинг брендов";2;14;1398;1
"шопинга ру";2;10;1308;1
"4 шопинга";2;9;1276;1
"канал шопинга";2;13;1204;1
"шоппинг шопинг";2;14;1095;1
"ютуб шопинг";2;11;1056;4
"купить шопинг";2;13;1030;2
"шопинг стамбуле";2;15;985;1
"шопинг видео";2;12;981;15
"шопинг день";2;11;948;1
"шопинг дубаи";2;12;897;3
"шопинг дубае";2;12;897;1
"центр шопинга";2;13;891;1
"шопинг песня";2;12;881;3
"шопинг одежда";2;13;798;1
"одежда шопинг";2;13;784;2
"фильм шопинга";2;13;742;1
"шопинг тема";2;11;691;5
"шопинг москва";2;13;652;6
"женский шопинг";2;14;624;1
"игры шопинги";2;12;615;1
"сумки шопинги";2;13;579;1
"шопинг девушка";2;14;576;4
"шопинг девушек";2;14;576;1
"шопинга фото";2;12;561;16
"девушка шопинг";2;14;550;2
"музыка шопинг";2;13;359;4
"покупки шопинг";2;14;352;1
"минус шопинга";2;13;346;1
"шопинг покупки";2;14;345;2
"сериал шопинг";2;13;303;1
"перевод шопинг";2;14;301;10
"шопинг женщина";2;14;281;1
"места шопинга";2;13;253;1
"шопинг девочек";2;14;249;1
"модель шопинга";2;14;232;1
"шопинг кукол";2;12;212;1
"шопинг моллы";2;12;208;1
"шопинг клубы";2;12;180;1
"инстаграм шопинг";2;16;174;1
"шопинг вечеринка";2;16;170;1
"словарь шопинг";2;14;152;1
"форум шопинг";2;12;149;1
"форум шопинга";2;13;149;1
"шопинг описание";2;15;135;1
"шопинг кемер";2;12;134;14
"зимний шопинг";2;13;134;1
"шопинг стиль";2;12;132;1
"тайланд шопинг";2;14;131;6
"шопингом занималась";2;19;127;1
"шопингом занимаюсь";2;18;127;1
"шопингом занимался";2;18;127;1
"топ шопинг";2;10;127;1
"корейский шопинг";2;16;126;1
"посуда шопинг";2;13;120;1
"диалог шопинг";2;13;117;2
"шопинг семьей";2;13;110;1
"преимущества шопинга";2;20;108;1
"финляндия шопинг";2;16;107;15
"планета шопинг";2;14;106;1
"шопинг европа";2;13;105;2
"семья шопинг";2;12;103;3
"шопинг казахстан";2;16;101;4
"шопинг диалог";2;13;101;1
"европа шопинг";2;13;93;2
"шопинга питере";2;14;93;1
"лондон шопинг";2;13;92;1
"шопинг арт";2;10;87;3
"шопинг алисы";2;12;86;1
"шопинг семейный";2;15;85;8
"леди шопинга";2;12;84;1
"бали шопинг";2;11;82;11
"правило шопинга";2;15;81;1
"героиня шопинга";2;15;81;1
"пакеты шопинга";2;14;77;1
"пакеты шопинг";2;13;77;4
"шопинг белоруссия";2;17;75;3
"эмираты шопинг";2;14;75;1
"шопинге германия";2;16;73;1
"шопинг германия";2;15;73;1
"шопинг белград";2;14;73;7
"устроить шопинг";2;15;72;1
"шопинг калининграда";2;19;71;1
"шопинг сервис";2;13;70;1
"аутлет шопинг";2;13;70;2
"шопинг англ";2;11;68;1
"биография шопинга";2;17;67;1
"домашний шопинг";2;15;67;1
"шопинг белек";2;12;65;7
"шопинг польша";2;13;65;1
"зависимость шопинга";2;19;65;1
"брендовый шопинг";2;16;64;1
"крейзи шопинг";2;13;63;1
"синоним шопинга";2;15;63;1
"шопинг америка";2;14;61;2
"шопинг мем";2;10;58;4
"фамилия шопинг";2;14;59;1
"люкс шопинг";2;11;58;1
"шопинг сиде";2;11;57;7
"шопинг стихи";2;12;55;1
"монголия шопинг";2;15;55;5
"патонг шопинг";2;13;54;2
"шопинг монголии";2;15;52;1
"эссе шопинг";2;11;52;1
"шопинг анталья";2;14;51;4
"календарь шопинга";2;17;49;1
"шопинг батуми";2;13;48;4
"приятный шопинг";2;15;46;1
"батуми шопинг";2;13;44;2
"шопинг берлин";2;13;44;1
"ночной шопинг";2;13;44;1
"шопинг подростки";2;16;42;2
"макс шопинг";2;11;41;1
"шопинг витебск";2;14;40;9
"шопинга дарья";2;13;40;1
"тунис шопинг";2;12;40;3
"продуктовый шопинг";2;18;40;1
"мини шопинг";2;11;40;1
"шопинг блогеры";2;14;39;2
"шопинг зара";2;11;38;1
"шопинг катар";2;12;38;3
"шопинг услуги";2;13;37;1
"болезнь шопинг";2;14;37;1
"болезни шопинга";2;15;37;1
"камеди шопинг";2;13;37;1
"тайм шопинг";2;11;36;1
"шопинг курорт";2;13;35;1
"обои шопинг";2;11;35;1
"вена шопинг";2;11;35;1
"занятия шопингом";2;16;34;1
"шопинг брянск";2;13;34;1
"симулятор шопинг";2;16;33;1
"шопинг дели";2;11;33;1
"варшава шопинг";2;14;31;3
"снится шопинг";2;13;31;1
"кипр шопинг";2;11;31;2
"иваново шопинг";2;14;30;1
"будущее шопинга";2;15;30;1
"откровенный шопинг";2;18;29;1
"шопинг мультик";2;14;29;3
"психология шопинга";2;18;29;1
"кроссворд шопинг";2;16;28;3
"аксессуары шопинг";2;17;28;1
"шопинг махачкала";2;16;28;5
"лов шопинг";2;10;28;3
"нарисовать шопинг";2;17;27;1
"белосток шопинг";2;15;27;2
"куба шопинг";2;11;27;1
"шопинг лифе";2;11;27;1
"шопинг белосток";2;15;27;2
"фотография шопинг";2;17;27;1
"твой шопинг";2;11;27;1
"гонконг шопинг";2;14;26;2
"владимир шопинга";2;16;26;1
"патайя шопинг";2;13;26;2
"шопинг фотографии";2;17;26;1
"шопинг 2014";2;11;26;1
"шопинг омск";2;11;26;1
"шопинг краснодар";2;16;26;1
"способы шопинга";2;15;26;1
"шопинг мальдивы";2;15;25;3
"новости шопинга";2;15;25;1
"совершать шопинг";2;16;25;1
"шопинг патайя";2;13;25;2
"фотки шопинг";2;12;24;1
"происхождение шопинга";2;21;24;1
"обожаю шопинг";2;13;23;1
"сад шопинг";2;10;23;1
"вместо шопинга";2;14;23;1
"небольшой шопинг";2;16;23;1
"тюмень шопинг";2;13;22;3
"шопинг прага";2;12;22;2
"хобби шопинг";2;12;22;1
"логотип шопинга";2;15;21;1
"прага шопинг";2;12;21;2
"мировой шопинг";2;14;21;1
"красноярск шопинг";2;17;21;1
"шопинг шаблон";2;13;21;1
"вип шопинг";2;10;20;1
"реборн шопинг";2;13;20;1
"пнг шопинг";2;10;20;2
"кар шопинг";2;10;20;2
"брест шопинг";2;12;20;3
"шопинг перу";2;11;20;1
"шопинг волгоград";2;16;20;1
"паттая шопинг";2;13;20;1
"гороскоп шопинга";2;16;19;1
"авто шопинг";2;11;18;1
"комфортный шопинг";2;17;18;1
"шопинг корзина";2;14;18;2
"шопинг азия";2;11;18;2
"белорусский шопинг";2;18;17;1
"шопинг шриланка";2;15;17;1
"шопинг статистика";2;17;17;1
"рациональный шопинг";2;19;16;1
"шопинг онлаин";2;13;16;1
"шопинг иконки";2;13;16;1
"кейптаун шопинг";2;15;15;3
"туристический шопинг";2;20;15;1
"конкурс шопинг";2;14;15;1
"смарт шопинг";2;12;15;1
"токио шопинг";2;12;15;1
"тенденции шопинга";2;17;15;1
"пути шопинга";2;12;15;1
"шопинг консультант";2;18;15;2
"шопинг бангладеш";2;16;14;1
"саранск шопинг";2;14;14;1
"причина шопинга";2;15;14;1
"истанбул шопинг";2;15;13;4
"шопинг индекс";2;13;13;1
"бар шопинг";2;10;13;1
"кидс шопинг";2;11;13;1
"магия шопинга";2;13;13;1
"кириш шопинг";2;12;13;1
"алекс шопинг";2;12;13;1
"эро шопинг";2;10;13;1
"шопинг болонья";2;14;12;6
"шопинг фетхие";2;13;12;3
"петропавловск шопинг";2;20;12;1
"индонезия шопинг";2;16;12;3
"нячанг шопинг";2;13;12;1
"секреты шопинга";2;15;12;1
"жертвы шопинга";2;14;12;1
"покровский шопинг";2;17;12;1
"поп шопинг";2;10;12;1
"шопинг бари";2;11;11;1
"шопинг убуд";2;11;11;1
"шопинг гифки";2;12;11;3
"бест шопинг";2;11;11;1
"патая шопинг";2;12;11;1
"джакарта шопинг";2;15;11;3
"лангкави шопинг";2;15;11;3
"азия шопинг";2;11;11;2
"шопинг анекдот";2;14;10;1
"шопинг харбин";2;13;10;2
"шопинг usa";2;10;10;1
"шопинг индонезия";2;16;10;1
"шопинг амстердам";2;16;10;2
"парфюм шопинг";2;13;10;1
"абудаби шопинг";2;14;10;2
"гродно шопинг";2;13;10;2
"греция шопинг";2;13;10;1
"французский шопинг";2;18;10;1
"харбин шопинг";2;13;10;2
"лего шопинг";2;11;10;1
"немного шопинга";2;15;9;1
"порна шопинг";2;12;9;1
"подгорица шопинг";2;16;9;2
"римини шопинг";2;13;9;1
"архангельск шопинг";2;18;9;3
"мистер шопинг";2;13;9;1
"шопинг стайл";2;12;9;1
"шопинг фукуок";2;13;9;1
"шопинг джакарта";2;15;9;2
"шопинг подгорица";2;16;9;2
"пенза шопинг";2;12;9;1
"самара шопинг";2;13;9;3
"онлай шопинг";2;12;9;1
"тенерифе шопинг";2;15;9;1
"благовещенск шопинг";2;19;9;2
"амстердам шопинг";2;16;9;2
"лимассол шопинг";2;15;8;1
"падуя шопинг";2;12;8;1
"челябинск шопинг";2;16;8;3
"шопинг андорры";2;14;8;1
"шопинг гродно";2;13;8;2
"косметический шопинг";2;20;8;1
"гормон шопинга";2;14;8;1
"тиват шопинг";2;12;8;1
"насладиться шопингом";2;20;8;1
"бурса шопинг";2;12;8;1
"счастливый шопинг";2;17;8;1
"доминикана шопинг";2;17;8;1
"бикини шопинга";2;14;8;1
"шопинг сицилия";2;14;7;1
"эйлат шопинг";2;12;7;4
"необычный шопинг";2;16;7;1
"картинк шопинг";2;14;7;1
"камбоджа шопинг";2;15;7;1
"багиня шопинг";2;13;7;1
"минутка шопинга";2;15;7;1
"бельдиби шопинг";2;15;7;1
"неаполь шопинг";2;14;7;1
"андорра шопинг";2;14;7;1
"шопинг ларгус";2;13;6;2
"шопинг павлодар";2;15;6;1
"сп шопинг";2;9;6;1
"понятие шопинг";2;14;6;1
"малага шопинг";2;13;6;1
"ливан шопинг";2;12;6;1
"разновидности шопинга";2;21;6;1
"гимнастика шопинга";2;18;6;1
"сафага шопинг";2;13;6;4
"фэмили шопинг";2;13;6;1
"фея шопинга";2;11;5;1
"шопинг аргентина";2;16;5;2
"шопинг малазия";2;14;5;2
"шопинг марсель";2;14;5;1
"шопинг истанбул";2;15;5;1
"полицейский шопинга";2;19;5;1
"порто шопинг";2;12;5;1
"малазия шопинг";2;14;5;2
"марракеш шопинг";2;15;5;1
"коломна шопинг";2;14;5;1
"выборг шопинг";2;13;5;1
"ларгус шопинг";2;13;5;2
"алушта шопинг";2;13;5;1
"хаммамет шопинг";2;15;5;1
"хайнань шопинг";2;14;5;1
"зарождение шопинга";2;18;4;1
"риека шопинг";2;12;4;1
"шопинг мд";2;9;4;1
"шопинг вектор";2;13;4;1
"лодзь шопинг";2;12;4;1
"империя шопинга";2;15;4;1
"мурманск шопинг";2;15;4;1
"аргентина шопинг";2;16;4;1
"смайлик шопинг";2;14;4;1
"кореан шопинг";2;13;4;1
"ставрополь шопинг";2;17;4;1
"генуя шопинг";2;12;4;1
"краков шопинг";2;13;4;1
"албания шопинг";2;14;4;1
"сараево шопинг";2;14;4;2
"даламан шопинг";2;14;4;2
"монополия шопинга";2;17;4;1
"домина шопинг";2;13;4;1
"манама шопинг";2;13;3;1
"макао шопинг";2;12;3;1
"найроби шопинг";2;14;3;2
"салехард шопинг";2;15;3;1
"лихтенштейн шопинг";2;18;3;1
"шопинг балаково";2;15;3;1
"шопинг скул";2;11;3;1
"шопинг топинг";2;13;3;1
"шопинг хайфа";2;12;3;1
"шопинг найроби";2;14;3;2
"иллюстрация шопинга";2;19;3;1
"канкун шопинг";2;13;3;1
"оулу шопинг";2;11;3;1
"гламур шопинг";2;13;3;1
"тегеран шопинг";2;14;3;1
"севилья шопинг";2;14;3;1
"братислава шопинг";2;17;3;1
"дакка шопинг";2;12;3;1
"доп шопинг";2;10;2;1
"веб шопинг";2;10;2;1
"шопинг брюссель";2;15;2;1
"шопинг молдова";2;14;2;1
"шопинг попинг";2;13;2;1
"шопинг лаййф";2;12;2;1
"ливорно шопинг";2;14;2;1
"гданьск шопинг";2;14;2;2
"неземной шопинг";2;15;2;1
"нишанташи шопинг";2;16;2;1
"смайл шопинга";2;13;2;1
"хэйхэ шопинг";2;12;2;1
"таллин шопинг";2;13;2;1
"текирова шопинг";2;15;2;1
"ода шопингу";2;11;2;1
"функции шопинга";2;15;2;1
"футаж шопинга";2;13;2;1
"занзибар шопинг";2;15;1;1
"пномпень шопинг";2;15;1;1
"зыринг шопинг";2;13;1;1
"дрим шопинг";2;11;1;1
"регенсбург шопинг";2;17;1;1
"родина шопинга";2;14;1;1
"налоговый шопинг";2;16;1;1
"дидим шопинг";2;12;1;1
"сех шопинг";2;10;1;1
"шопинг антистресс";2;17;1;1
"шопинг тарагона";2;15;1;1
"шопинг туапсе";2;13;1;1
"шопинг наркомания";2;17;1;1
"шопинг рубин";2;12;1;1
"эрзурум шопинг";2;14;1;1
"боязнь шопинга";2;14;1;1
"бильбао шопинг";2;14;1;1
"логан шопинг";2;12;1;1
"виндоу шопинг";2;13;1;1
"нетания шопинг";2;14;1;1
"байрот шопинг";2;13;1;1
"кальяри шопинг";2;14;1;1
"трити шопинг";2;12;1;1
"тулуза шопинг";2;13;1;1
"москов шопинг";2;13;1;1
"дебрецен шопинг";2;15;1;1
"перуджа шопинг";2;14;1;1
"обнинск шопинг";2;14;1;1
"wizee шопинг";2;12;1;1
"космополитан шопинг";2;19;1;1
"урал шопинг";2;11;1;1
"sale шопинг";2;11;1;1
"шопинге в";2;9;140000;3
"шопинг на";2;9;139994;18
"с шопинг";2;8;137554;3
"шопинг сезона";2;13;8237;0
"шопинг смотреть";2;15;7417;2
"шопингу смотреть";2;16;7417;0
"шопинги смотреть";2;16;7417;0
"сезон шопинга";2;13;7390;0
"смотреть шопинги";2;16;7380;0
"шопинга смотреть";2;16;7387;2
"луи шопинга";2;11;6240;3
"школ шопинга";2;12;5662;0
"шопинг школу";2;12;5662;0
"шопинг школа";2;12;5662;6
"серия шопинга";2;13;3874;0
"серия шопинг";2;12;3874;0
"шопинга онлайн";2;14;3827;1
"онлайн шопингу";2;14;3632;0
"онлайн шопинге";2;14;3632;0
"онлайн шопинги";2;14;3632;0
"онлайн шопингом";2;15;3632;0
"дорама шопинга";2;14;3580;0
"шоу шопинга";2;11;3436;0
"магазин шопинга";2;15;2894;0
"магазины шопинг";2;15;2893;0
"магазины шопинги";2;16;2893;0
"магазины шопинга";2;16;2893;0
"шопинг магазине";2;15;2880;0
"шопинг магазины";2;15;2880;0
"шопинг магазинов";2;16;2880;0
"включай шопинг";2;14;2710;0
"шопинг нов";2;10;2509;0
"шопинг новый";2;12;2509;0
"шопинг ведущие";2;14;2460;0
"русский шопинг";2;14;2411;0
"ведущие шопинг";2;14;2283;0
"ведущие шопинга";2;15;2283;0
"ведущий шопинга";2;15;2283;0
"ведущая шопинг";2;14;2283;0
"ведущая шопинга";2;15;2283;0
"лучше шопинга";2;13;2200;0
"шопинг лучшая";2;13;2189;0
"шопинга лучшее";2;14;2187;0
"хороший шопинга";2;15;2187;0
"шопинг 4";2;8;1990;3
"шопинг 1";2;8;1917;0
